{"cameraMode":{"drawMode":0,"name":"Shaded","section":"Shading Mode"},"sceneLighting":true,"audioPlay":false,"sceneViewState":{"m_AlwaysRefresh":false,"showFog":true,"showSkybox":true,"showFlares":true,"showImageEffects":true,"showParticleSystems":true,"showVisualEffectGraphs":true,"m_FxEnabled":true},"in2DMode":false,"pivot":{"x":6.979426383972168,"y":0.8110960125923157,"z":2.2944283485412599},"rotation":{"x":0.3114931285381317,"y":-0.17095255851745606,"z":0.05713459476828575,"w":0.9330854415893555},"size":14.794020652770996,"orthographic":false}